AISC_Manual_Label,W,A,d,bf,tw,tf,kdes,k1,bf/2tf,h/tw,Ix,Zx,Sx,rx,Iy,Zy,Sy,ry,J,Cw,Wno,Sw1,Qf,Qw
W44X335,335.0,98.5,44,15.9,1.03,1.77,2.56,1.75,4.5,38,31100.0,1620.0,1410.0,17.8,1200.0,236.0,150.0,3.49,74.7,535000,168,1180,278,805
W44X290,290.0,85.4,43.6,15.8,0.865,1.58,2.36,1.625,5.02,45,27000.0,1410.0,1240.0,17.8,1040.0,205.0,132.0,3.49,50.9,461000,166,1040,248,701
W44X262,262.0,77.2,43.3,15.8,0.785,1.42,2.2,1.625,5.57,49.6,24100.0,1270.0,1110.0,17.7,923.0,182.0,117.0,3.47,37.3,405000,165,928,223,630
W44X230,230.0,67.8,42.9,15.8,0.71,1.22,2.01,1.5625,6.45,54.8,20800.0,1100.0,971.0,17.5,796.0,157.0,101.0,3.43,24.9,346000,165,793,192,547
W40X655,655.0,193.0,43.6,16.9,1.97,3.54,4.72,2.1875,2.39,17.3,56500.0,3080.0,2590.0,17.1,2870.0,542.0,340.0,3.86,589,1150000,169,2530,529,1530
W40X593,593.0,174.0,43,16.7,1.79,3.23,4.41,2.125,2.58,19.1,50400.0,2760.0,2340.0,17.0,2520.0,481.0,302.0,3.8,445,997000,166,2240,479,1370
W40X503,503.0,148.0,42.1,16.4,1.54,2.76,3.94,2,2.98,22.3,41600.0,2320.0,1980.0,16.8,2040.0,394.0,249.0,3.72,277,789000,161,1830,403,1150
W40X431,431.0,127.0,41.3,16.2,1.34,2.36,3.54,1.875,3.44,25.5,34800.0,1960.0,1690.0,16.6,1690.0,328.0,208.0,3.65,177,638000,158,1510,341,969
W40X397,397.0,117.0,41,16.1,1.22,2.2,3.38,1.8125,3.66,28,32000.0,1800.0,1560.0,16.6,1540.0,300.0,191.0,3.64,142,579000,156,1380,318,891
W40X372,372.0,110.0,40.6,16.1,1.16,2.05,3.23,1.8125,3.93,29.5,29600.0,1680.0,1460.0,16.5,1420.0,277.0,177.0,3.6,116,528000,155,1280,295,829
W40X362,362.0,106.0,40.6,16,1.12,2.01,3.19,1.75,3.99,30.5,28900.0,1640.0,1420.0,16.5,1380.0,270.0,173.0,3.6,109,513000,154,1240,289,808
W40X324,324.0,95.3,40.2,15.9,1,1.81,2.99,1.6875,4.4,34.2,25600.0,1460.0,1280.0,16.4,1220.0,239.0,153.0,3.58,79.4,448000,153,1100,259,720
W40X297,297.0,87.3,39.8,15.8,0.93,1.65,2.83,1.6875,4.8,36.8,23200.0,1330.0,1170.0,16.3,1090.0,215.0,138.0,3.54,61.2,399000,151,982,234,652
W40X277,277.0,81.5,39.7,15.8,0.83,1.58,2.76,1.625,5.03,41.2,21900.0,1250.0,1100.0,16.4,1040.0,204.0,132.0,3.58,51.5,379000,151,940,225,614
W40X249,249.0,73.5,39.4,15.8,0.75,1.42,2.6,1.5625,5.55,45.6,19600.0,1120.0,993.0,16.3,926.0,182.0,118.0,3.55,38.1,334000,150,841,203,551
W40X215,215.0,63.5,39,15.8,0.65,1.22,2.4,1.5625,6.45,52.6,16700.0,964.0,859.0,16.2,803.0,156.0,101.0,3.54,24.8,284000,149,719,175,473
W40X199,199.0,58.8,38.7,15.8,0.65,1.07,2.25,1.5625,7.39,52.6,14900.0,869.0,770.0,16.0,695.0,137.0,88.2,3.45,18.3,246000,149,628,153,427
W40X392,392.0,116.0,41.6,12.4,1.42,2.52,3.7,1.9375,2.45,24.1,29900.0,1710.0,1440.0,16.1,803.0,212.0,130.0,2.64,172,306000,121,946,270,848
W40X331,331.0,97.7,40.8,12.2,1.22,2.13,3.31,1.8125,2.86,28,24700.0,1430.0,1210.0,15.9,644.0,172.0,106.0,2.57,105,241000,118,766,226,706
W40X327,327.0,95.9,40.8,12.1,1.18,2.13,3.31,1.8125,2.85,29,24500.0,1410.0,1200.0,16.0,640.0,170.0,105.0,2.58,103,239000,117,754,225,695
W40X294,294.0,86.2,40.4,12,1.06,1.93,3.11,1.75,3.11,32.2,21900.0,1270.0,1080.0,15.9,562.0,150.0,93.5,2.55,76.6,208000,115,668,203,622
W40X278,278.0,82.3,40.2,12,1.03,1.81,2.99,1.75,3.31,33.3,20500.0,1190.0,1020.0,15.8,521.0,140.0,87.1,2.52,65,192000,115,622,190,587
W40X264,264.0,77.4,40,11.9,0.96,1.73,2.91,1.6875,3.45,35.6,19400.0,1130.0,971.0,15.8,493.0,132.0,82.6,2.52,56.1,181000,114,589,182,555
W40X235,235.0,69.1,39.7,11.9,0.83,1.58,2.76,1.625,3.77,41.2,17400.0,1010.0,875.0,15.9,444.0,118.0,74.6,2.54,41.3,161000,113,530,166,495
W40X211,211.0,62.1,39.4,11.8,0.75,1.42,2.6,1.5625,4.17,45.6,15500.0,906.0,786.0,15.8,390.0,105.0,66.1,2.51,30.4,141000,112,468,148,442
W40X183,183.0,53.3,39,11.8,0.65,1.2,2.38,1.5625,4.92,52.6,13200.0,774.0,675.0,15.7,331.0,88.3,56.0,2.49,19.3,118000,112,395,126,376
W40X167,167.0,49.3,38.6,11.8,0.65,1.03,2.21,1.5625,5.76,52.6,11600.0,693.0,600.0,15.3,283.0,76.0,47.9,2.4,14,99700,111,336,107,336
W40X149,149.0,43.8,38.2,11.8,0.63,0.83,2.01,1.5,7.11,54.3,9800.0,598.0,513.0,15.0,229.0,62.2,38.8,2.29,9.36,80000,110,270,86.7,288
W36X925,925.0,272.0,43.1,18.6,3.02,4.53,5.28,2.3125,2.05,10.8,73000.0,4130.0,3390.0,16.4,4940.0,862.0,531.0,4.26,1430,1840000,179,3780,681,2060
W36X853,853.0,251.0,43.1,18.2,2.52,4.53,5.28,2.0625,2.01,12.9,70000.0,3920.0,3250.0,16.7,4600.0,805.0,505.0,4.28,1240,1710000,175,3620,685,1950
W36X802,802.0,236.0,42.6,18,2.38,4.29,5.04,2,2.1,13.7,64800.0,3660.0,3040.0,16.6,4210.0,744.0,468.0,4.22,1050,1540000,172,3330,642,1820
W36X723,723.0,213.0,41.8,17.8,2.17,3.9,4.65,1.875,2.28,15,57300.0,3270.0,2740.0,16.4,3700.0,658.0,416.0,4.17,785,1330000,169,2930,578,1630
W36X652,652.0,192.0,41.1,17.6,1.97,3.54,4.49,2.1875,2.48,16.3,50600.0,2910.0,2460.0,16.2,3230.0,581.0,367.0,4.1,593,1130000,165,2560,518,1450
W36X529,529.0,156.0,39.8,17.2,1.61,2.91,3.86,2,2.96,19.9,39600.0,2330.0,1990.0,16.0,2490.0,454.0,289.0,4.0,327,846000,159,1990,419,1160
W36X487,487.0,143.0,39.3,17.1,1.5,2.68,3.63,1.875,3.19,21.4,36000.0,2130.0,1830.0,15.8,2250.0,412.0,263.0,3.96,258,754000,157,1800,383,1060
W36X441,441.0,130.0,38.9,17,1.36,2.44,3.39,1.875,3.48,23.6,32100.0,1910.0,1650.0,15.7,1990.0,368.0,235.0,3.92,194,661000,154,1600,347,950
W36X395,395.0,116.0,38.4,16.8,1.22,2.2,3.15,1.8125,3.83,26.3,28500.0,1710.0,1490.0,15.7,1750.0,325.0,208.0,3.88,142,575000,152,1410,311,847
W36X361,361.0,106.0,38,16.7,1.12,2.01,2.96,1.75,4.16,28.6,25700.0,1550.0,1350.0,15.6,1570.0,293.0,188.0,3.85,109,509000,150,1270,282,767
W36X330,330.0,96.9,37.7,16.6,1.02,1.85,2.8,1.75,4.49,31.4,23300.0,1410.0,1240.0,15.5,1420.0,265.0,171.0,3.83,84.3,456000,149,1150,259,698
W36X302,302.0,89.0,37.3,16.7,0.945,1.68,2.63,1.6875,4.96,33.9,21100.0,1280.0,1130.0,15.4,1300.0,241.0,156.0,3.82,64.3,412000,148,1040,235,635
W36X282,282.0,82.9,37.1,16.6,0.885,1.57,2.52,1.625,5.29,36.2,19600.0,1190.0,1050.0,15.4,1200.0,223.0,144.0,3.8,52.7,378000,147,960,219,591
W36X262,262.0,77.2,36.9,16.6,0.84,1.44,2.39,1.625,5.75,38.2,17900.0,1100.0,972.0,15.3,1090.0,204.0,132.0,3.76,41.6,342000,147,873,200,543
W36X247,247.0,72.5,36.7,16.5,0.8,1.35,2.3,1.625,6.11,40.1,16700.0,1030.0,913.0,15.2,1010.0,190.0,123.0,3.74,34.7,316000,146,812,187,509
W36X231,231.0,68.2,36.5,16.5,0.76,1.26,2.21,1.5625,6.54,42.2,15600.0,963.0,854.0,15.1,940.0,176.0,114.0,3.71,28.7,292000,145,756,175,476
W36X256,256.0,75.3,37.4,12.2,0.96,1.73,2.48,1.6875,3.53,33.8,16800.0,1040.0,895.0,14.9,528.0,137.0,86.5,2.65,52.9,168000,109,576,174,516
W36X232,232.0,68.0,37.1,12.1,0.87,1.57,2.32,1.625,3.86,37.3,15000.0,936.0,809.0,14.8,468.0,122.0,77.2,2.62,39.6,148000,108,512,157,464
W36X210,210.0,61.9,36.7,12.2,0.83,1.36,2.11,1.625,4.48,39.1,13200.0,833.0,719.0,14.6,411.0,107.0,67.5,2.58,28,128000,108,446,136,412
W36X194,194.0,57.0,36.5,12.1,0.765,1.26,2.01,1.5625,4.81,42.4,12100.0,767.0,664.0,14.6,375.0,97.7,61.9,2.56,22.2,116000,107,407,126,379
W36X182,182.0,53.6,36.3,12.1,0.725,1.18,1.93,1.5625,5.12,44.8,11300.0,718.0,623.0,14.5,347.0,90.7,57.6,2.55,18.5,107000,106,378,118,355
W36X170,170.0,50.0,36.2,12,0.68,1.1,1.85,1.5625,5.47,47.7,10500.0,668.0,581.0,14.5,320.0,83.8,53.2,2.53,15.1,98500,105,349,109,330
W36X160,160.0,47.0,36,12,0.65,1.02,1.77,1.5625,5.88,49.9,9760.0,624.0,542.0,14.4,295.0,77.3,49.1,2.5,12.4,90200,105,321,101,308
W36X150,150.0,44.3,35.9,12,0.625,0.94,1.69,1.5,6.37,51.9,9040.0,581.0,504.0,14.3,270.0,70.9,45.1,2.47,10.1,82200,105,294,93.1,287
W36X135,135.0,39.9,35.6,12,0.6,0.79,1.54,1.5,7.56,54.1,7800.0,509.0,439.0,14.0,225.0,59.7,37.7,2.38,7,68100,104,245,77.9,251
W33X387,387.0,114.0,36,16.2,1.26,2.28,3.07,1.8125,3.55,23.7,24300.0,1560.0,1350.0,14.6,1620.0,312.0,200.0,3.77,148,459000,137,1260,287,778
W33X354,354.0,104.0,35.6,16.1,1.16,2.09,2.88,1.8125,3.85,25.7,22000.0,1420.0,1240.0,14.5,1460.0,282.0,181.0,3.74,115,408000,135,1130,262,707
W33X318,318.0,93.7,35.2,16,1.04,1.89,2.68,1.75,4.23,28.7,19500.0,1270.0,1110.0,14.5,1290.0,250.0,161.0,3.71,84.4,357000,133,1010,235,632
W33X291,291.0,85.6,34.8,15.9,0.96,1.73,2.52,1.6875,4.6,31,17700.0,1160.0,1020.0,14.4,1160.0,226.0,146.0,3.68,65.1,319000,131,904,214,573
W33X263,263.0,77.4,34.5,15.8,0.87,1.57,2.36,1.625,5.03,34.3,15900.0,1040.0,919.0,14.3,1040.0,202.0,131.0,3.66,48.7,281000,130,807,193,515
W33X241,241.0,71.1,34.2,15.9,0.83,1.4,2.19,1.625,5.66,35.9,14200.0,940.0,831.0,14.1,933.0,182.0,118.0,3.62,36.2,251000,130,726,173,467
W33X221,221.0,65.3,33.9,15.8,0.775,1.28,2.06,1.625,6.2,38.5,12900.0,857.0,759.0,14.1,840.0,164.0,106.0,3.59,27.8,224000,129,647,156,423
W33X201,201.0,59.1,33.7,15.7,0.715,1.15,1.94,1.5625,6.85,41.7,11600.0,773.0,686.0,14.0,749.0,147.0,95.2,3.56,20.8,198000,128,577,140,382
W33X169,169.0,49.5,33.8,11.5,0.67,1.22,1.92,1.5625,4.71,44.7,9290.0,629.0,549.0,13.7,310.0,84.4,53.9,2.5,17.7,82400,93.7,329,108,311
W33X152,152.0,44.9,33.5,11.6,0.635,1.06,1.76,1.5,5.48,47.2,8160.0,559.0,487.0,13.5,273.0,73.9,47.2,2.47,12.4,71700,94.1,289,94.3,278
W33X141,141.0,41.5,33.3,11.5,0.605,0.96,1.66,1.5,6.01,49.6,7450.0,514.0,448.0,13.4,246.0,66.9,42.7,2.43,9.7,64400,93,257,84.6,253
W33X130,130.0,38.3,33.1,11.5,0.58,0.855,1.56,1.5,6.73,51.7,6710.0,467.0,406.0,13.2,218.0,59.5,37.9,2.39,7.37,56600,92.7,228,75.3,230
W33X118,118.0,34.7,32.9,11.5,0.55,0.74,1.44,1.5,7.76,54.5,5900.0,415.0,359.0,13.0,187.0,51.3,32.6,2.32,5.3,48300,92.5,197,65.1,205
W30X391,391.0,115.0,33.2,15.6,1.36,2.44,3.23,1.875,3.19,19.7,20700.0,1450.0,1250.0,13.4,1550.0,310.0,198.0,3.67,173,366000,120,1140,267,722
W30X357,357.0,105.0,32.8,15.5,1.24,2.24,3.03,1.8125,3.45,21.6,18700.0,1320.0,1140.0,13.3,1390.0,279.0,179.0,3.64,134,324000,118,1030,244,655
W30X326,326.0,95.9,32.4,15.4,1.14,2.05,2.84,1.75,3.75,23.4,16800.0,1190.0,1040.0,13.2,1240.0,252.0,162.0,3.6,103,287000,117,922,222,593
W30X292,292.0,86.0,32,15.3,1.02,1.85,2.64,1.75,4.12,26.2,14900.0,1060.0,930.0,13.2,1100.0,223.0,144.0,3.58,75.2,250000,115,816,199,529
W30X261,261.0,77.0,31.6,15.2,0.93,1.65,2.44,1.6875,4.59,28.7,13100.0,943.0,829.0,13.1,959.0,196.0,127.0,3.53,54.1,215000,114,714,176,469
W30X235,235.0,69.3,31.3,15.1,0.83,1.5,2.29,1.625,5.02,32.2,11700.0,847.0,748.0,13.0,855.0,175.0,114.0,3.51,40.3,190000,112,637,159,421
W30X211,211.0,62.3,30.9,15.1,0.775,1.32,2.1,1.625,5.74,34.5,10300.0,751.0,665.0,12.9,757.0,155.0,100.0,3.49,28.4,166000,112,556,140,372
W30X191,191.0,56.1,30.7,15,0.71,1.19,1.97,1.5625,6.35,37.7,9200.0,675.0,600.0,12.8,673.0,138.0,89.5,3.46,21,146000,111,494,125,335
W30X173,173.0,50.9,30.4,15,0.655,1.07,1.85,1.5625,7.04,40.8,8230.0,607.0,541.0,12.7,598.0,123.0,79.8,3.42,15.6,129000,110,441,113,301
W30X148,148.0,43.6,30.7,10.5,0.65,1.18,1.83,1.5625,4.44,41.6,6680.0,500.0,436.0,12.4,227.0,68.0,43.3,2.28,14.5,49400,77.5,240,85.8,248
W30X132,132.0,38.8,30.3,10.5,0.615,1,1.65,1.5,5.27,43.9,5770.0,437.0,380.0,12.2,196.0,58.4,37.2,2.25,9.72,42100,76.9,202,72.4,215
W30X124,124.0,36.5,30.2,10.5,0.585,0.93,1.58,1.5,5.65,46.2,5360.0,408.0,355.0,12.1,181.0,54.0,34.4,2.23,7.99,38600,76.8,188,67.5,202
W30X116,116.0,34.2,30,10.5,0.565,0.85,1.5,1.5,6.17,47.8,4930.0,378.0,329.0,12.0,164.0,49.2,31.3,2.19,6.43,34900,76.5,171,61.5,187
W30X108,108.0,31.7,29.8,10.5,0.545,0.76,1.41,1.5,6.89,49.6,4470.0,346.0,299.0,11.9,146.0,43.9,27.9,2.15,4.99,30900,76.2,152,54.9,170
W30X99,99.0,29.0,29.7,10.5,0.52,0.67,1.32,1.5,7.8,51.9,3990.0,312.0,269.0,11.7,128.0,38.6,24.5,2.1,3.77,26800,76.2,134,48.5,154
W30X90,90.0,26.3,29.5,10.4,0.47,0.61,1.26,1.4375,8.52,57.5,3610.0,283.0,245.0,11.7,115.0,34.7,22.1,2.09,2.84,24000,75.1,119,43.7,139
W27X539,539.0,159.0,32.5,15.3,1.97,3.54,4.33,1.8125,2.15,12.1,25600.0,1890.0,1570.0,12.7,2110.0,437.0,277.0,3.65,496,443000,111,1500,342,943
W27X368,368.0,109.0,30.4,14.7,1.38,2.48,3.27,1.875,2.96,17.3,16200.0,1240.0,1060.0,12.2,1310.0,279.0,179.0,3.48,170,255000,103,935,231,621
W27X336,336.0,99.2,30,14.6,1.26,2.28,3.07,1.8125,3.19,18.9,14600.0,1130.0,972.0,12.1,1180.0,252.0,162.0,3.45,131,226000,101,842,211,563
W27X307,307.0,90.2,29.6,14.4,1.16,2.09,2.88,1.8125,3.46,20.6,13100.0,1030.0,887.0,12.0,1050.0,227.0,146.0,3.41,101,199000,99,745,190,508
W27X281,281.0,83.1,29.3,14.4,1.06,1.93,2.72,1.75,3.72,22.5,11900.0,936.0,814.0,12.0,953.0,206.0,133.0,3.39,79.5,178000,98.5,685,176,466
W27X258,258.0,76.1,29,14.3,0.98,1.77,2.56,1.6875,4.03,24.4,10800.0,852.0,745.0,11.9,859.0,187.0,120.0,3.36,61.6,159000,97.3,616,160,424
W27X235,235.0,69.4,28.7,14.2,0.91,1.61,2.4,1.6875,4.41,26.2,9700.0,772.0,677.0,11.8,769.0,168.0,108.0,3.33,47,141000,96.2,550,145,384
W27X217,217.0,63.9,28.4,14.1,0.83,1.5,2.29,1.625,4.71,28.7,8910.0,711.0,627.0,11.8,704.0,154.0,100.0,3.32,37.6,128000,94.8,501,134,351
W27X194,194.0,57.1,28.1,14,0.75,1.34,2.13,1.5625,5.24,31.8,7860.0,631.0,559.0,11.7,619.0,136.0,88.1,3.29,27.1,111000,93.7,439,119,312
W27X178,178.0,52.5,27.8,14.1,0.725,1.19,1.98,1.5625,5.92,32.9,7020.0,570.0,505.0,11.6,555.0,122.0,78.8,3.25,20.1,98400,93.8,393,106,282
W27X161,161.0,47.6,27.6,14,0.66,1.08,1.87,1.5625,6.49,36.1,6310.0,515.0,458.0,11.5,497.0,109.0,70.9,3.23,15.1,87300,92.8,351,95.5,254
W27X146,146.0,43.2,27.4,14,0.605,0.975,1.76,1.5,7.16,39.4,5660.0,464.0,414.0,11.5,443.0,97.7,63.5,3.2,11.3,77200,92.5,316,86.3,229
W27X129,129.0,37.8,27.6,10,0.61,1.1,1.7,1.5,4.55,39.7,4760.0,395.0,345.0,11.2,184.0,57.6,36.8,2.21,11.1,32500,66.3,182,68.4,195
W27X114,114.0,33.6,27.3,10.1,0.57,0.93,1.53,1.5,5.41,42.5,4080.0,343.0,299.0,11.0,159.0,49.3,31.5,2.18,7.33,27600,66.6,156,58.4,170
W27X102,102.0,30.0,27.1,10,0.515,0.83,1.43,1.4375,6.03,47.1,3620.0,305.0,267.0,11.0,139.0,43.4,27.8,2.15,5.28,24000,65.7,136,51.7,151
W27X94,94.0,27.6,26.9,10,0.49,0.745,1.34,1.4375,6.7,49.5,3270.0,278.0,243.0,10.9,124.0,38.8,24.8,2.12,4.03,21300,65.4,122,46.3,137
W27X84,84.0,24.7,26.7,10,0.46,0.64,1.24,1.4375,7.78,52.7,2850.0,244.0,213.0,10.7,106.0,33.2,21.2,2.07,2.81,17900,65.2,104,39.8,121
W24X370,370.0,109.0,28,13.7,1.52,2.72,3.22,2,2.51,14.2,13400.0,1130.0,957.0,11.1,1160.0,267.0,170.0,3.27,201,186000,86.6,807,209,568
W24X335,335.0,98.3,27.5,13.5,1.38,2.48,2.98,1.875,2.73,15.6,11900.0,1020.0,864.0,11.0,1030.0,238.0,152.0,3.23,152,161000,84.4,707,188,506
W24X306,306.0,89.7,27.1,13.4,1.26,2.28,2.78,1.8125,2.94,17.1,10700.0,922.0,789.0,10.9,919.0,214.0,137.0,3.2,117,142000,83.1,635,172,459
W24X279,279.0,81.9,26.7,13.3,1.16,2.09,2.59,1.8125,3.18,18.6,9600.0,835.0,718.0,10.8,823.0,193.0,124.0,3.17,90.5,125000,81.8,569,156,416
W24X250,250.0,73.5,26.3,13.2,1.04,1.89,2.39,1.75,3.49,20.7,8490.0,744.0,644.0,10.7,724.0,171.0,110.0,3.14,66.6,108000,80.6,502,140,370
W24X229,229.0,67.2,26,13.1,0.96,1.73,2.23,1.6875,3.79,22.5,7650.0,675.0,588.0,10.7,651.0,154.0,99.4,3.11,51.3,96100,79.5,450,127,336
W24X207,207.0,60.7,25.7,13,0.87,1.57,2.07,1.625,4.14,24.8,6820.0,606.0,531.0,10.6,578.0,137.0,88.8,3.08,38.3,84100,78.4,400,115,302
W24X192,192.0,56.5,25.5,13,0.81,1.46,1.96,1.625,4.43,26.6,6260.0,559.0,491.0,10.5,530.0,126.0,81.8,3.07,30.8,76300,78.1,371,107,280
W24X176,176.0,51.7,25.2,12.9,0.75,1.34,1.84,1.5625,4.81,28.7,5680.0,511.0,450.0,10.5,479.0,115.0,74.3,3.04,23.9,68400,76.9,333,97.1,254
W24X162,162.0,47.8,25,13,0.705,1.22,1.72,1.5625,5.31,30.6,5170.0,468.0,414.0,10.4,443.0,105.0,68.4,3.05,18.5,62600,77.3,306,89.2,233
W24X146,146.0,43.0,24.7,12.9,0.65,1.09,1.59,1.5625,5.92,33.2,4580.0,418.0,371.0,10.3,391.0,93.2,60.5,3.01,13.4,54600,76.1,268,78.8,207
W24X131,131.0,38.6,24.5,12.9,0.605,0.96,1.46,1.5,6.7,35.6,4020.0,370.0,329.0,10.2,340.0,81.5,53.0,2.97,9.5,47100,75.9,235,69.5,184
W24X117,117.0,34.4,24.3,12.8,0.55,0.85,1.35,1.5,7.53,39.2,3540.0,327.0,291.0,10.1,297.0,71.4,46.5,2.94,6.72,40800,75,204,61,163
W24X104,104.0,30.7,24.1,12.8,0.5,0.75,1.25,1.4375,8.5,43.1,3100.0,289.0,258.0,10.1,259.0,62.4,40.7,2.91,4.72,35200,74.7,179,53.9,144
W24X103,103.0,30.3,24.5,9,0.55,0.98,1.48,1.5,4.59,39.2,3000.0,280.0,245.0,10.0,119.0,41.5,26.5,1.99,7.07,16600,52.9,117,48.7,139
W24X94,94.0,27.7,24.3,9.07,0.515,0.875,1.38,1.4375,5.18,41.9,2700.0,254.0,222.0,9.87,109.0,37.5,24.0,1.98,5.26,15000,53.1,105,43.8,126
W24X84,84.0,24.7,24.1,9.02,0.47,0.77,1.27,1.4375,5.86,45.9,2370.0,224.0,196.0,9.79,94.4,32.6,20.9,1.95,3.7,12800,52.6,91.3,38.4,111
W24X76,76.0,22.4,23.9,8.99,0.44,0.68,1.18,1.4375,6.61,49,2100.0,200.0,176.0,9.69,82.5,28.6,18.4,1.92,2.68,11100,52.2,79.8,33.8,98.9
W24X68,68.0,20.1,23.7,8.97,0.415,0.585,1.09,1.4375,7.66,52,1830.0,177.0,154.0,9.55,70.4,24.5,15.7,1.87,1.87,9430,51.8,68,28.9,87
W24X62,62.0,18.2,23.7,7.04,0.43,0.59,1.09,1.0625,5.97,50.1,1550.0,153.0,131.0,9.23,34.5,15.7,9.8,1.38,1.71,4620,40.7,42.2,22.5,75.3
W24X55,55.0,16.2,23.6,7.01,0.395,0.505,1.01,1,6.94,54.6,1350.0,134.0,114.0,9.11,29.1,13.3,8.3,1.34,1.18,3870,40.5,35.8,19.3,66.1
W21X275,275.0,81.8,24.1,12.9,1.22,2.19,3.37,1.8125,2.95,14.2,7690.0,749.0,638.0,9.7,787.0,191.0,122.0,3.1,107,94400,70.7,499,140,369
W21X248,248.0,73.8,23.7,12.8,1.1,1.99,3.17,1.75,3.22,15.8,6830.0,671.0,576.0,9.62,699.0,170.0,109.0,3.08,80.7,82400,69.5,442,126,330
W21X223,223.0,66.5,23.4,12.7,1,1.79,2.9699999999999998,1.6875,3.55,17.5,6080.0,601.0,520.0,9.56,614.0,150.0,96.7,3.04,59.5,71700,68.6,390,113,295
W21X201,201.0,59.3,23,12.6,0.91,1.63,2.13,1.6875,3.86,20.6,5310.0,530.0,461.0,9.47,542.0,133.0,86.1,3.02,40.9,62000,67.3,346,102,264
W21X182,182.0,53.6,22.7,12.5,0.83,1.48,1.98,1.625,4.22,22.6,4730.0,476.0,417.0,9.4,483.0,119.0,77.2,3.0,30.7,54400,66.3,307,91.6,237
W21X166,166.0,48.8,22.5,12.4,0.75,1.36,1.86,1.5625,4.57,25,4280.0,432.0,380.0,9.36,435.0,108.0,70.0,2.99,23.6,48500,65.5,276,83.7,215
W21X147,147.0,43.2,22.1,12.5,0.72,1.15,1.65,1.5625,5.44,26.1,3630.0,373.0,329.0,9.17,376.0,92.6,60.1,2.95,15.4,41100,65.5,235,71,186
W21X132,132.0,38.8,21.8,12.4,0.65,1.04,1.54,1.5625,6.01,28.9,3220.0,333.0,295.0,9.12,333.0,82.3,53.5,2.93,11.3,36000,64.4,206,62.8,164
W21X122,122.0,35.9,21.7,12.4,0.6,0.96,1.46,1.5,6.45,31.3,2960.0,307.0,273.0,9.09,305.0,75.6,49.2,2.92,8.98,32700,64.3,191,58.7,153
W21X111,111.0,32.6,21.5,12.3,0.55,0.875,1.38,1.5,7.05,34.1,2670.0,279.0,249.0,9.05,274.0,68.2,44.5,2.9,6.83,29200,63.4,171,53,138
W21X101,101.0,29.8,21.4,12.3,0.5,0.8,1.3,1.4375,7.68,37.5,2420.0,253.0,227.0,9.02,248.0,61.7,40.3,2.89,5.21,26200,63.3,156,48.6,126
W21X93,93.0,27.3,21.6,8.42,0.58,0.93,1.43,0.9375,4.53,32.3,2070.0,221.0,192.0,8.7,92.9,34.7,22.1,1.84,6.03,9940,43.5,85.2,37.7,109
W21X83,83.0,24.4,21.4,8.36,0.515,0.835,1.34,0.875,5,36.4,1830.0,196.0,171.0,8.67,81.4,30.5,19.5,1.83,4.34,8630,43,75,33.7,96.8
W21X73,73.0,21.5,21.2,8.3,0.455,0.74,1.24,0.875,5.6,41.2,1600.0,172.0,151.0,8.64,70.6,26.6,17.0,1.81,3.02,7410,42.5,65.2,29.7,85
W21X68,68.0,20.0,21.1,8.27,0.43,0.685,1.19,0.875,6.04,43.6,1480.0,160.0,140.0,8.6,64.7,24.4,15.7,1.8,2.45,6760,42.2,59.8,27.4,78.7
W21X62,62.0,18.3,21,8.24,0.4,0.615,1.12,0.8125,6.7,46.9,1330.0,144.0,127.0,8.54,57.5,21.7,14.0,1.77,1.83,5960,42,53.2,24.6,71.2
W21X55,55.0,16.2,20.8,8.22,0.375,0.522,1.02,0.8125,7.87,50,1140.0,126.0,110.0,8.4,48.4,18.4,11.8,1.73,1.24,4980,41.7,44.7,20.8,61.8
W21X48,48.0,14.1,20.6,8.14,0.35,0.43,0.93,0.8125,9.47,53.6,959.0,107.0,93.0,8.24,38.7,14.9,9.52,1.66,0.803,3950,41,35.9,16.9,52.3
W21X57,57.0,16.7,21.1,6.56,0.405,0.65,1.15,0.8125,5.04,46.3,1170.0,129.0,111.0,8.36,30.6,14.8,9.35,1.35,1.77,3190,33.5,35.8,20.5,63.4
W21X50,50.0,14.7,20.8,6.53,0.38,0.535,1.04,0.8125,6.1,49.4,984.0,110.0,94.5,8.18,24.9,12.2,7.64,1.3,1.14,2570,33.1,28.9,16.7,53.9
W21X44,44.0,13.0,20.7,6.5,0.35,0.45,0.95,0.8125,7.22,53.6,843.0,95.4,81.6,8.06,20.7,10.2,6.37,1.26,0.77,2110,32.9,24.1,14,46.8
W18X311,311.0,91.6,22.3,12,1.52,2.74,3.24,1.5625,2.19,10.4,6970.0,754.0,624.0,8.72,795.0,207.0,132.0,2.95,176,76200,58.7,482,140,375
W18X283,283.0,83.3,21.9,11.9,1.4,2.5,3,1.5,2.38,11.3,6170.0,676.0,565.0,8.61,704.0,185.0,118.0,2.91,134,65900,57.7,429,127,339
W18X258,258.0,76.0,21.5,11.8,1.28,2.3,2.7,1.4375,2.56,12.5,5510.0,611.0,514.0,8.53,628.0,166.0,107.0,2.88,103,57600,56.6,384,116,306
W18X234,234.0,68.6,21.1,11.7,1.16,2.11,2.51,1.375,2.76,13.8,4900.0,549.0,466.0,8.44,558.0,149.0,95.8,2.85,78.7,50100,55.5,343,106,276
W18X211,211.0,62.3,20.7,11.6,1.06,1.91,2.31,1.375,3.02,15.1,4330.0,490.0,419.0,8.35,493.0,132.0,85.3,2.82,58.6,43400,54.5,302,94.6,246
W18X192,192.0,56.2,20.4,11.5,0.96,1.75,2.15,1.3125,3.27,16.7,3870.0,442.0,380.0,8.28,440.0,119.0,76.8,2.79,44.7,38000,53.6,270,86,222
W18X175,175.0,51.4,20,11.4,0.89,1.59,1.99,1.25,3.58,18,3450.0,398.0,344.0,8.2,391.0,106.0,68.8,2.76,33.8,33300,52.5,238,76.9,198
W18X158,158.0,46.3,19.7,11.3,0.81,1.44,1.84,1.25,3.92,19.8,3060.0,356.0,310.0,8.12,347.0,94.8,61.4,2.74,25.2,29000,51.6,210,69,177
W18X143,143.0,42.0,19.5,11.2,0.73,1.32,1.72,1.1875,4.25,22,2750.0,322.0,282.0,8.09,311.0,85.4,55.5,2.72,19.2,25700,50.9,188,62.8,160
W18X130,130.0,38.3,19.3,11.2,0.67,1.2,1.6,1.1875,4.65,23.9,2460.0,290.0,256.0,8.03,278.0,76.7,49.9,2.7,14.5,22700,50.7,170,57.2,146
W18X119,119.0,35.1,19,11.3,0.655,1.06,1.46,1.1875,5.31,24.5,2190.0,262.0,231.0,7.9,253.0,69.1,44.9,2.69,10.6,20300,50.7,152,50.6,131
W18X106,106.0,31.1,18.7,11.2,0.59,0.94,1.34,1.125,5.96,27.2,1910.0,230.0,204.0,7.84,220.0,60.5,39.4,2.66,7.48,17400,49.7,131,44.3,114
W18X97,97.0,28.5,18.6,11.1,0.535,0.87,1.27,1.125,6.41,30,1750.0,211.0,188.0,7.82,201.0,55.3,36.1,2.65,5.86,15800,49.2,119,40.7,105
W18X86,86.0,25.3,18.4,11.1,0.48,0.77,1.17,1.0625,7.2,33.4,1530.0,186.0,166.0,7.77,175.0,48.4,31.6,2.63,4.1,13600,48.9,105,36,92.4
W18X76,76.0,22.3,18.2,11,0.425,0.68,1.08,1.0625,8.11,37.8,1330.0,163.0,146.0,7.73,152.0,42.2,27.6,2.61,2.83,11700,48.2,90.1,31.5,80.6
W18X71,71.0,20.9,18.5,7.64,0.495,0.81,1.21,0.875,4.71,32.4,1170.0,146.0,127.0,7.5,60.3,24.7,15.8,1.7,3.49,4700,33.8,52.3,25.6,72.4
W18X65,65.0,19.1,18.4,7.59,0.45,0.75,1.15,0.875,5.06,35.7,1070.0,133.0,117.0,7.49,54.8,22.5,14.4,1.69,2.73,4240,33.5,47.7,23.6,66.3
W18X60,60.0,17.6,18.2,7.56,0.415,0.695,1.1,0.8125,5.44,38.7,984.0,123.0,108.0,7.47,50.1,20.6,13.3,1.68,2.17,3850,33.1,43.5,21.7,60.6
W18X55,55.0,16.2,18.1,7.53,0.39,0.63,1.03,0.8125,5.98,41.1,890.0,112.0,98.3,7.41,44.9,18.5,11.9,1.67,1.66,3430,32.9,39,19.6,55.3
W18X50,50.0,14.7,18,7.5,0.355,0.57,0.972,0.8125,6.57,45.2,800.0,101.0,88.9,7.38,40.1,16.6,10.7,1.65,1.24,3040,32.7,34.9,17.7,49.9
W18X46,46.0,13.5,18.1,6.06,0.36,0.605,1.01,0.8125,5.01,44.6,712.0,90.7,78.8,7.25,22.5,11.7,7.43,1.29,1.22,1720,26.5,24.3,15.1,44.9
W18X40,40.0,11.8,17.9,6.02,0.315,0.525,0.927,0.8125,5.73,50.9,612.0,78.4,68.4,7.21,19.1,10.0,6.35,1.27,0.81,1440,26.1,20.7,13,38.6
W18X35,35.0,10.3,17.7,6,0.3,0.425,0.827,0.75,7.06,53.5,510.0,66.5,57.6,7.04,15.3,8.06,5.12,1.22,0.506,1140,25.9,16.5,10.5,32.7
W16X100,100.0,29.4,17,10.4,0.585,0.985,1.39,1.125,5.29,24.3,1490.0,198.0,175.0,7.1,186.0,54.9,35.7,2.51,7.73,11900,41.6,107,38.7,98.5
W16X89,89.0,26.2,16.8,10.4,0.525,0.875,1.28,1.0625,5.92,27,1300.0,175.0,155.0,7.05,163.0,48.1,31.4,2.49,5.45,10200,41.4,94.2,34.4,87.3
W16X77,77.0,22.6,16.5,10.3,0.455,0.76,1.16,1.0625,6.77,31.2,1110.0,150.0,134.0,7.0,138.0,41.1,26.9,2.47,3.57,8590,40.5,79.3,29.4,74.4
W16X67,67.0,19.6,16.3,10.2,0.395,0.665,1.07,1,7.7,35.9,954.0,130.0,117.0,6.96,119.0,35.5,23.2,2.46,2.39,7300,39.9,67.6,25.5,64.1
W16X57,57.0,16.8,16.4,7.12,0.43,0.715,1.12,0.875,4.98,33,758.0,105.0,92.2,6.72,43.1,18.9,12.1,1.6,2.22,2660,27.9,35.5,18.8,52
W16X50,50.0,14.7,16.3,7.07,0.38,0.63,1.03,0.8125,5.61,37.4,659.0,92.0,81.0,6.68,37.2,16.3,10.5,1.59,1.52,2270,27.7,30.8,16.5,45.6
W16X45,45.0,13.3,16.1,7.04,0.345,0.565,0.967,0.8125,6.23,41.1,586.0,82.3,72.7,6.65,32.8,14.5,9.34,1.57,1.11,1990,27.3,27.2,14.7,40.6
W16X40,40.0,11.8,16,7,0.305,0.505,0.907,0.8125,6.93,46.5,518.0,73.0,64.7,6.63,28.9,12.7,8.25,1.57,0.794,1730,27.1,24,13.1,36
W16X36,36.0,10.6,15.9,6.99,0.295,0.43,0.832,0.75,8.12,48.1,448.0,64.0,56.5,6.51,24.5,10.8,7.0,1.52,0.545,1460,27,20.3,11.1,31.6
W16X31,31.0,9.13,15.9,5.53,0.275,0.44,0.842,0.75,6.28,51.6,375.0,54.0,47.2,6.41,12.4,7.03,4.49,1.17,0.461,739,21.4,13,8.94,26.6
W16X26,26.0,7.68,15.7,5.5,0.25,0.345,0.747,0.75,7.97,56.8,301.0,44.2,38.4,6.26,9.59,5.48,3.49,1.12,0.262,565,21.1,10,6.95,21.6
W14X873,873.0,257.0,23.6,18.8,3.94,5.51,6.1,2.5625,1.71,2.89,18100.0,2030.0,1530.0,8.39,6170.0,1020.0,656.0,4.9,2270,505000,85,2200,370,1010
W14X808,808.0,238.0,22.8,18.6,3.74,5.12,5.71,2.5,1.82,3.04,15900.0,1830.0,1390.0,8.17,5550.0,930.0,597.0,4.83,1840,434000,82.2,1960,336,916
W14X730,730.0,215.0,22.4,17.9,3.07,4.91,5.51,2.75,1.82,3.71,14300.0,1660.0,1280.0,8.17,4720.0,816.0,527.0,4.69,1450,362000,78.3,1720,318,829
W14X665,665.0,196.0,21.6,17.7,2.83,4.52,5.12,2.625,1.95,4.03,12400.0,1480.0,1150.0,7.98,4170.0,730.0,472.0,4.62,1120,305000,75.6,1510,287,739
W14X605,605.0,178.0,20.9,17.4,2.6,4.16,4.76,2.5,2.09,4.39,10800.0,1320.0,1040.0,7.8,3680.0,652.0,423.0,4.55,869,258000,72.8,1320,258,657
W14X550,550.0,162.0,20.2,17.2,2.38,3.82,4.42,2.375,2.25,4.79,9430.0,1180.0,931.0,7.63,3250.0,583.0,378.0,4.49,669,219000,70.4,1160,232,585
W14X500,500.0,147.0,19.6,17,2.19,3.5,4.1,2.3125,2.43,5.21,8210.0,1050.0,838.0,7.48,2880.0,522.0,339.0,4.43,514,187000,68.4,1020,209,522
W14X455,455.0,134.0,19,16.8,2.02,3.21,3.81,2.25,2.62,5.66,7190.0,936.0,756.0,7.33,2560.0,468.0,304.0,4.38,395,160000,66.3,894,187,466
W14X426,426.0,125.0,18.7,16.7,1.88,3.04,3.63,2.125,2.75,6.08,6600.0,869.0,706.0,7.26,2360.0,434.0,283.0,4.34,331,144000,65.4,830,176,435
W14X398,398.0,117.0,18.3,16.6,1.77,2.85,3.44,2.125,2.92,6.44,6000.0,801.0,656.0,7.16,2170.0,402.0,262.0,4.31,273,129000,64.1,758,163,401
W14X370,370.0,109.0,17.9,16.5,1.66,2.66,3.26,2.0625,3.1,6.89,5440.0,736.0,607.0,7.07,1990.0,370.0,241.0,4.27,222,116000,62.9,690,150,367
W14X342,342.0,101.0,17.5,16.4,1.54,2.47,3.07,2,3.31,7.41,4900.0,672.0,558.0,6.98,1810.0,338.0,221.0,4.24,178,103000,61.6,624,138,335
W14X311,311.0,91.4,17.1,16.2,1.41,2.26,2.86,1.9375,3.59,8.09,4330.0,603.0,506.0,6.88,1610.0,304.0,199.0,4.2,136,89100,60.1,550,124,300
W14X283,283.0,83.3,16.7,16.1,1.29,2.07,2.67,1.875,3.89,8.84,3840.0,542.0,459.0,6.79,1440.0,274.0,179.0,4.17,104,77700,58.9,491,112,269
W14X257,257.0,75.6,16.4,16,1.18,1.89,2.49,1.8125,4.23,9.71,3400.0,487.0,415.0,6.71,1290.0,246.0,161.0,4.13,79.1,67800,58,439,102,243
W14X233,233.0,68.5,16,15.9,1.07,1.72,2.32,1.75,4.62,10.7,3010.0,436.0,375.0,6.63,1150.0,221.0,145.0,4.1,59.5,59000,56.8,388,91.1,216
W14X211,211.0,62.0,15.7,15.8,0.98,1.56,2.16,1.6875,5.06,11.6,2660.0,390.0,338.0,6.55,1030.0,198.0,130.0,4.07,44.6,51500,55.9,344,81.7,194
W14X193,193.0,56.8,15.5,15.7,0.89,1.44,2.04,1.6875,5.45,12.8,2400.0,355.0,310.0,6.5,931.0,180.0,119.0,4.05,34.8,45900,55.2,312,75,177
W14X176,176.0,51.8,15.2,15.7,0.83,1.31,1.91,1.625,5.97,13.7,2140.0,320.0,281.0,6.43,838.0,163.0,107.0,4.02,26.5,40500,54.5,280,67.6,159
W14X159,159.0,46.7,15,15.6,0.745,1.19,1.79,1.5625,6.54,15.3,1900.0,287.0,254.0,6.38,748.0,146.0,96.2,4.0,19.7,35600,53.9,250,61,143
W14X145,145.0,42.7,14.8,15.5,0.68,1.09,1.69,1.5625,7.11,16.8,1710.0,260.0,232.0,6.33,677.0,133.0,87.3,3.98,15.2,31700,53.1,224,55.4,129
W14X132,132.0,38.8,14.7,14.7,0.645,1.03,1.63,1.5625,7.15,17.7,1530.0,234.0,209.0,6.28,548.0,113.0,74.5,3.76,12.3,25500,50.2,190,49.5,116
W14X120,120.0,35.3,14.5,14.7,0.59,0.94,1.54,1.5,7.8,19.3,1380.0,212.0,190.0,6.24,495.0,102.0,67.5,3.74,9.37,22700,49.8,172,45,105
W14X109,109.0,32.0,14.3,14.6,0.525,0.86,1.46,1.5,8.49,21.7,1240.0,192.0,173.0,6.22,447.0,92.7,61.2,3.73,7.12,20200,49.1,154,40.7,94.8
W14X99,99.0,29.1,14.2,14.6,0.485,0.78,1.38,1.4375,9.34,23.5,1110.0,173.0,157.0,6.17,402.0,83.6,55.2,3.71,5.37,18000,49,139,36.9,86.1
W14X90,90.0,26.5,14,14.5,0.44,0.71,1.31,1.4375,10.2,25.9,999.0,157.0,143.0,6.14,362.0,75.6,49.9,3.7,4.06,16000,48.2,124,33.2,77.1
W14X82,82.0,24.0,14.3,10.1,0.51,0.855,1.45,1.0625,5.92,22.4,881.0,139.0,123.0,6.05,148.0,44.8,29.3,2.48,5.07,6710,33.9,73.3,27.6,68.2
W14X74,74.0,21.8,14.2,10.1,0.45,0.785,1.38,1.0625,6.41,25.4,795.0,126.0,112.0,6.04,134.0,40.5,26.6,2.48,3.87,5990,33.9,67.1,25.4,62.2
W14X68,68.0,20.0,14,10,0.415,0.72,1.31,1.0625,6.97,27.5,722.0,115.0,103.0,6.01,121.0,36.9,24.2,2.46,3.01,5380,33.2,59.8,22.9,56
W14X61,61.0,17.9,13.9,10,0.375,0.645,1.24,1,7.75,30.4,640.0,102.0,92.1,5.98,107.0,32.8,21.5,2.45,2.19,4710,33.1,53.4,20.6,50.2
W14X53,53.0,15.6,13.9,8.06,0.37,0.66,1.25,1,6.11,30.9,541.0,87.1,77.8,5.89,57.7,22.0,14.3,1.92,1.94,2540,26.7,35.5,16.8,42.5
W14X48,48.0,14.1,13.8,8.03,0.34,0.595,1.19,1,6.75,33.6,484.0,78.4,70.2,5.85,51.4,19.6,12.8,1.91,1.45,2240,26.5,31.7,15.1,38.3
W14X43,43.0,12.6,13.7,8,0.305,0.53,1.12,1,7.54,37.4,428.0,69.6,62.6,5.82,45.2,17.3,11.3,1.89,1.05,1950,26.3,27.9,13.4,34
W14X38,38.0,11.2,14.1,6.77,0.31,0.515,0.915,0.8125,6.57,39.6,385.0,61.5,54.6,5.87,26.7,12.1,7.88,1.55,0.798,1230,23,20,11.3,30.3
W14X34,34.0,10.0,14,6.75,0.285,0.455,0.855,0.75,7.41,43.1,340.0,54.6,48.6,5.83,23.3,10.6,6.91,1.53,0.569,1070,22.9,17.6,10,26.9
W14X30,30.0,8.85,13.8,6.73,0.27,0.385,0.785,0.75,8.74,45.4,291.0,47.3,42.0,5.73,19.6,8.99,5.82,1.49,0.38,887,22.6,14.6,8.34,23.1
W14X26,26.0,7.69,13.9,5.03,0.255,0.42,0.82,0.75,5.98,48.1,245.0,40.2,35.3,5.65,8.91,5.54,3.55,1.08,0.358,405,17,8.95,6.76,19.7
W14X22,22.0,6.49,13.7,5,0.23,0.335,0.735,0.75,7.46,53.3,199.0,33.2,29.0,5.54,7.0,4.39,2.8,1.04,0.208,314,16.7,7,5.34,16.1
W12X336,336.0,98.9,16.8,13.4,1.78,2.96,3.55,1.6875,2.26,5.47,4060.0,603.0,483.0,6.41,1190.0,274.0,177.0,3.47,243,57000,46.4,460,119,301
W12X305,305.0,89.5,16.3,13.2,1.63,2.71,3.3,1.625,2.45,5.98,3550.0,537.0,435.0,6.29,1050.0,244.0,159.0,3.42,185,48600,44.8,401,107,267
W12X279,279.0,81.9,15.9,13.1,1.53,2.47,3.07,1.625,2.66,6.35,3110.0,481.0,393.0,6.16,937.0,220.0,143.0,3.38,143,42000,44,356,96,240
W12X252,252.0,74.1,15.4,13,1.4,2.25,2.85,1.5,2.89,6.96,2720.0,428.0,353.0,6.06,828.0,196.0,127.0,3.34,108,35800,42.7,313,85.8,213
W12X230,230.0,67.7,15.1,12.9,1.29,2.07,2.67,1.5,3.11,7.56,2420.0,386.0,321.0,5.97,742.0,177.0,115.0,3.31,83.8,31200,42,281,78.3,193
W12X210,210.0,61.8,14.7,12.8,1.18,1.9,2.5,1.4375,3.37,8.23,2140.0,348.0,292.0,5.89,664.0,159.0,104.0,3.28,64.7,27200,41,249,70.6,173
W12X190,190.0,56.0,14.4,12.7,1.06,1.74,2.33,1.375,3.65,9.16,1890.0,311.0,263.0,5.82,589.0,143.0,93.0,3.25,48.8,23600,40.2,222,64.1,156
W12X170,170.0,50.0,14,12.6,0.96,1.56,2.16,1.3125,4.03,10.1,1650.0,275.0,235.0,5.74,517.0,126.0,82.3,3.22,35.6,20100,39.2,193,56.5,136
W12X152,152.0,44.7,13.7,12.5,0.87,1.4,2,1.25,4.46,11.2,1430.0,243.0,209.0,5.66,454.0,111.0,72.8,3.19,25.8,17200,38.4,168,50.1,121
W12X136,136.0,39.9,13.4,12.4,0.79,1.25,1.85,1.25,4.96,12.3,1240.0,214.0,186.0,5.58,398.0,98.0,64.2,3.16,18.5,14700,37.7,146,44.1,106
W12X120,120.0,35.2,13.1,12.3,0.71,1.11,1.7,1.1875,5.57,13.7,1070.0,186.0,163.0,5.51,345.0,85.4,56.0,3.13,12.9,12400,36.9,126,38.6,92.4
W12X106,106.0,31.2,12.9,12.2,0.61,0.99,1.59,1.125,6.17,15.9,933.0,164.0,145.0,5.47,301.0,75.1,49.3,3.11,9.13,10700,36.3,110,34.2,81
W12X96,96.0,28.2,12.7,12.2,0.55,0.9,1.5,1.125,6.76,17.7,833.0,147.0,131.0,5.44,270.0,67.5,44.4,3.09,6.85,9410,36,98.8,30.9,73
W12X87,87.0,25.6,12.5,12.1,0.515,0.81,1.41,1.0625,7.48,18.9,740.0,132.0,118.0,5.38,241.0,60.4,39.7,3.07,5.1,8270,35.4,86.6,27.4,64.9
W12X79,79.0,23.2,12.4,12.1,0.47,0.735,1.33,1.0625,8.22,20.7,662.0,119.0,107.0,5.34,216.0,54.3,35.8,3.05,3.84,7330,35.3,78.5,24.9,58.9
W12X72,72.0,21.1,12.3,12,0.43,0.67,1.27,1.0625,8.99,22.6,597.0,108.0,97.4,5.31,195.0,49.2,32.4,3.04,2.93,6540,34.9,70.1,22.5,53.2
W12X65,65.0,19.1,12.1,12,0.39,0.605,1.2,1,9.92,24.9,533.0,96.8,87.9,5.28,174.0,44.1,29.1,3.02,2.18,5780,34.5,62.6,20.2,47.5
W12X58,58.0,17.0,12.2,10,0.36,0.64,1.24,0.9375,7.82,27,475.0,86.4,78.0,5.28,107.0,32.5,21.4,2.51,2.1,3570,28.9,46.2,17.8,42.4
W12X53,53.0,15.6,12.1,10,0.345,0.575,1.18,0.9375,8.69,28.1,425.0,77.9,70.6,5.23,95.8,29.1,19.2,2.48,1.58,3160,28.8,41.4,16,38.3
W12X50,50.0,14.6,12.2,8.08,0.37,0.64,1.14,0.9375,6.31,26.8,391.0,71.9,64.2,5.18,56.3,21.3,13.9,1.96,1.71,1880,23.4,30.2,14.3,35.4
W12X45,45.0,13.1,12.1,8.05,0.335,0.575,1.08,0.9375,7,29.6,348.0,64.2,57.7,5.15,50.0,19.0,12.4,1.95,1.26,1650,23.2,26.8,12.8,31.7
W12X40,40.0,11.7,11.9,8.01,0.295,0.515,1.02,0.875,7.77,33.6,307.0,57.0,51.5,5.13,44.1,16.8,11.0,1.94,0.906,1440,22.8,23.5,11.3,27.8
W12X35,35.0,10.3,12.5,6.56,0.3,0.52,0.82,0.75,6.31,36.2,285.0,51.2,45.6,5.25,24.5,11.5,7.47,1.54,0.741,879,19.6,16.8,9.75,25.4
W12X30,30.0,8.79,12.3,6.52,0.26,0.44,0.74,0.75,7.41,41.8,238.0,43.1,38.6,5.21,20.3,9.56,6.24,1.52,0.457,720,19.3,13.9,8.17,21.3
W12X26,26.0,7.65,12.2,6.49,0.23,0.38,0.68,0.75,8.54,47.2,204.0,37.2,33.4,5.17,17.3,8.17,5.34,1.51,0.3,607,19.2,11.8,7.03,18.3
W12X22,22.0,6.48,12.3,4.03,0.26,0.425,0.725,0.625,4.74,41.8,156.0,29.3,25.4,4.91,4.66,3.66,2.31,0.848,0.293,164,12,5.12,4.76,14.4
W12X19,19.0,5.57,12.2,4.01,0.235,0.35,0.65,0.5625,5.72,46.2,130.0,24.7,21.3,4.82,3.76,2.98,1.88,0.822,0.18,131,11.9,4.17,3.91,12.2
W12X16,16.0,4.71,12,3.99,0.22,0.265,0.565,0.5625,7.53,49.4,103.0,20.1,17.1,4.67,2.82,2.26,1.41,0.773,0.103,96.9,11.7,3.09,2.93,9.82
W12X14,14.0,4.16,11.9,3.97,0.2,0.225,0.525,0.5625,8.82,54.3,88.6,17.4,14.9,4.62,2.36,1.9,1.19,0.753,0.0704,80.4,11.6,2.59,2.48,8.49
W10X112,112.0,32.9,11.4,10.4,0.755,1.25,1.75,1,4.17,10.4,716.0,147.0,126.0,4.66,236.0,69.2,45.3,2.68,15.1,6020,26.4,85.8,30.6,73.5
W10X100,100.0,29.3,11.1,10.3,0.68,1.12,1.62,1,4.62,11.6,623.0,130.0,112.0,4.6,207.0,61.0,40.0,2.65,10.9,5150,25.7,74.1,26.9,64.2
W10X88,88.0,26.0,10.8,10.3,0.605,0.99,1.49,0.9375,5.18,13,534.0,113.0,98.5,4.54,179.0,53.1,34.8,2.63,7.53,4330,25.3,64.4,23.5,55.9
W10X77,77.0,22.7,10.6,10.2,0.53,0.87,1.37,0.875,5.86,14.8,455.0,97.6,85.9,4.49,154.0,45.9,30.1,2.6,5.11,3630,24.8,55,20.5,48.4
W10X68,68.0,19.9,10.4,10.1,0.47,0.77,1.27,0.875,6.58,16.7,394.0,85.3,75.7,4.44,134.0,40.1,26.4,2.59,3.56,3100,24.3,47.3,17.9,42.1
W10X60,60.0,17.7,10.2,10.1,0.42,0.68,1.18,0.8125,7.41,18.7,341.0,74.6,66.7,4.39,116.0,35.0,23.0,2.57,2.48,2640,24,41.3,15.7,36.8
W10X54,54.0,15.8,10.1,10,0.37,0.615,1.12,0.8125,8.15,21.2,303.0,66.6,60.0,4.37,103.0,31.3,20.6,2.56,1.82,2320,23.7,36.5,14,32.8
W10X49,49.0,14.4,10,10,0.34,0.56,1.06,0.8125,8.93,23.1,272.0,60.4,54.6,4.35,93.4,28.3,18.7,2.54,1.39,2070,23.6,33,12.8,29.8
W10X45,45.0,13.3,10.1,8.02,0.35,0.62,1.12,0.8125,6.47,22.5,248.0,54.9,49.1,4.32,53.4,20.3,13.3,2.01,1.51,1200,19,23.6,11.3,27
W10X39,39.0,11.5,9.92,7.99,0.315,0.53,1.03,0.8125,7.53,25,209.0,46.8,42.1,4.27,45.0,17.2,11.3,1.98,0.976,992,18.8,19.9,9.55,23
W10X33,33.0,9.71,9.73,7.96,0.29,0.435,0.935,0.75,9.15,27.1,171.0,38.8,35.0,4.19,36.6,14.0,9.2,1.94,0.583,791,18.5,16,7.75,18.9
W10X30,30.0,8.84,10.5,5.81,0.3,0.51,0.81,0.6875,5.7,29.5,170.0,36.6,32.4,4.38,16.7,8.84,5.75,1.37,0.622,414,14.5,10.7,7.02,18.2
W10X26,26.0,7.61,10.3,5.77,0.26,0.44,0.74,0.6875,6.56,34,144.0,31.3,27.9,4.35,14.1,7.5,4.89,1.36,0.402,345,14.2,9.03,5.98,15.4
W10X22,22.0,6.49,10.2,5.75,0.24,0.36,0.66,0.625,7.99,36.9,118.0,26.0,23.2,4.27,11.4,6.1,3.97,1.33,0.239,275,14.1,7.32,4.88,12.9
W10X19,19.0,5.62,10.2,4.02,0.25,0.395,0.695,0.625,5.09,35.4,96.3,21.6,18.8,4.14,4.29,3.35,2.14,0.874,0.233,104,9.85,3.91,3.65,10.6
W10X17,17.0,4.99,10.1,4.01,0.24,0.33,0.63,0.5625,6.08,36.9,81.9,18.7,16.2,4.05,3.56,2.8,1.78,0.845,0.156,85.1,9.79,3.24,3.04,9.14
W10X15,15.0,4.41,9.99,4,0.23,0.27,0.57,0.5625,7.41,38.5,68.9,16.0,13.8,3.95,2.89,2.3,1.45,0.81,0.104,68.3,9.73,2.63,2.48,7.83
W10X12,12.0,3.54,9.87,3.96,0.19,0.21,0.51,0.5625,9.43,46.6,53.8,12.6,10.9,3.9,2.18,1.74,1.1,0.785,0.0547,50.9,9.56,1.99,1.91,6.14
W8X67,67.0,19.7,9,8.28,0.57,0.935,1.33,0.9375,4.43,11.1,272.0,70.1,60.4,3.72,88.6,32.7,21.4,2.12,5.05,1440,16.7,32.3,14.5,34.8
W8X58,58.0,17.1,8.75,8.22,0.51,0.81,1.2,0.875,5.07,12.4,228.0,59.8,52.0,3.65,75.1,27.9,18.3,2.1,3.33,1180,16.3,27.2,12.4,29.7
W8X48,48.0,14.1,8.5,8.11,0.4,0.685,1.08,0.8125,5.92,15.9,184.0,49.0,43.2,3.61,60.9,22.9,15.0,2.08,1.96,931,15.8,22,10.3,24.2
W8X40,40.0,11.7,8.25,8.07,0.36,0.56,0.954,0.8125,7.21,17.6,146.0,39.8,35.5,3.53,49.1,18.5,12.2,2.04,1.12,726,15.5,17.5,8.3,19.7
W8X35,35.0,10.3,8.12,8.02,0.31,0.495,0.889,0.8125,8.1,20.5,127.0,34.7,31.2,3.51,42.6,16.1,10.6,2.03,0.769,619,15.3,15.2,7.28,17.1
W8X31,31.0,9.13,8,8,0.285,0.435,0.829,0.75,9.19,22.3,110.0,30.4,27.5,3.47,37.1,14.1,9.27,2.02,0.536,530,15.1,13.2,6.35,15
W8X28,28.0,8.25,8.06,6.54,0.285,0.465,0.859,0.625,7.03,22.3,98.0,27.2,24.3,3.45,21.7,10.1,6.63,1.62,0.537,312,12.4,9.44,5.52,13.4
W8X24,24.0,7.08,7.93,6.5,0.245,0.4,0.794,0.5625,8.12,25.9,82.7,23.1,20.9,3.42,18.3,8.57,5.63,1.61,0.346,259,12.2,7.95,4.71,11.3
W8X21,21.0,6.16,8.28,5.27,0.25,0.4,0.7,0.5625,6.59,27.5,75.3,20.4,18.2,3.49,9.77,5.69,3.71,1.26,0.282,152,10.4,5.47,3.96,10.1
W8X18,18.0,5.26,8.14,5.25,0.23,0.33,0.63,0.5625,7.95,29.9,61.9,17.0,15.2,3.43,7.97,4.66,3.04,1.23,0.172,122,10.3,4.44,3.23,8.37
W8X15,15.0,4.44,8.11,4.02,0.245,0.315,0.615,0.5625,6.37,28.1,48.0,13.6,11.8,3.29,3.41,2.67,1.7,0.876,0.137,51.8,7.81,2.47,2.31,6.64
W8X13,13.0,3.84,7.99,4,0.23,0.255,0.555,0.5625,7.84,29.9,39.6,11.4,9.91,3.21,2.73,2.15,1.37,0.843,0.0871,40.8,7.74,1.97,1.86,5.55
W8X10,10.0,2.96,7.89,3.94,0.17,0.205,0.505,0.5,9.61,40.5,30.8,8.87,7.81,3.22,2.09,1.66,1.06,0.841,0.0426,30.9,7.57,1.53,1.48,4.29
W6X25,25.0,7.34,6.38,6.08,0.32,0.455,0.705,0.5625,6.68,15.5,53.4,18.9,16.7,2.7,17.1,8.56,5.61,1.52,0.461,150,9.01,6.23,3.88,9.39
W6X20,20.0,5.87,6.2,6.02,0.26,0.365,0.615,0.5625,8.25,19.1,41.4,14.9,13.4,2.66,13.3,6.72,4.41,1.5,0.24,113,8.78,4.82,3.07,7.38
W6X15,15.0,4.43,5.99,5.99,0.23,0.26,0.51,0.5625,11.5,21.6,29.1,10.8,9.72,2.56,9.32,4.75,3.11,1.45,0.101,76.5,8.58,3.34,2.15,5.32
W6X16,16.0,4.74,6.28,4.03,0.26,0.405,0.655,0.5625,4.98,19.1,32.1,11.7,10.2,2.6,4.43,3.39,2.2,0.967,0.223,38.2,5.92,2.42,2.24,5.77
W6X12,12.0,3.55,6.03,4,0.23,0.28,0.53,0.5625,7.14,21.6,22.1,8.3,7.31,2.49,2.99,2.32,1.5,0.918,0.0903,24.7,5.75,1.61,1.52,4.08
W6X9,9.0,2.68,5.9,3.94,0.17,0.215,0.465,0.5,9.16,29.2,16.4,6.23,5.56,2.47,2.2,1.72,1.11,0.905,0.0405,17.7,5.6,1.19,1.15,3.04
W6X8.5,8.5,2.52,5.83,3.94,0.17,0.195,0.445,0.5,10.1,29.1,14.9,5.73,5.1,2.43,1.99,1.56,1.01,0.89,0.0333,15.8,5.55,1.06,1.03,2.78
W5X19,19.0,5.56,5.15,5.03,0.27,0.43,0.73,0.4375,5.85,13.7,26.3,11.6,10.2,2.17,9.13,5.53,3.63,1.28,0.316,50.9,5.94,3.21,2.42,5.73
W5X16,16.0,4.71,5.01,5,0.24,0.36,0.66,0.4375,6.94,15.4,21.4,9.63,8.55,2.13,7.51,4.58,3.0,1.26,0.192,40.6,5.81,2.62,1.99,4.74
W4X13,13.0,3.83,4.16,4.06,0.28,0.345,0.595,0.5,5.88,10.6,11.3,6.28,5.46,1.72,3.86,2.92,1.9,1.0,0.151,14,3.87,1.36,1.24,3.09
